word	log freq	strokes	word length
中国	6.44	12.0	2.0
电脑	5.13	15.0	2.0
输入	4.64	15.0	2.0
区	5.64	4.0	1.0
个人	5.53	5.0	2.0
球员	4.63	18.0	2.0
原则	5.12	16.0	2.0
努力	5.38	9.0	2.0
老师	5.29	12.0	2.0
信息	5.48	19.0	2.0
指导	5.0	15.0	2.0
消失	4.9	15.0	2.0
党	5.53	10.0	1.0
双方	5.1	8.0	2.0
华发苍颜	0.21	33.0	4.0
笑	5.2	10.0	1.0
健康	5.25	21.0	2.0
举行	5.44	15.0	2.0
失事	3.72	13.0	2.0
才能	5.38	13.0	2.0
泪	4.06	8.0	1.0
拯救	4.64	20.0	2.0
表现	5.37	16.0	2.0
幸福	4.84	21.0	2.0
觉得	5.75	20.0	2.0
扳平	2.21	12.0	2.0
用于	4.93	8.0	2.0
感受	4.97	21.0	2.0
用户	5.3	9.0	2.0
交通	5.13	16.0	2.0
特点	4.98	19.0	2.0
成功	5.48	11.0	2.0
制定	4.98	16.0	2.0
足球	5.24	18.0	2.0
加油	4.66	13.0	2.0
教练	4.58	19.0	2.0
人才	4.95	5.0	2.0
具有	5.39	14.0	2.0
讨论	5.29	11.0	2.0
遭	4.99	14.0	1.0
目标	5.42	14.0	2.0
阶段	5.11	15.0	2.0
说明	5.32	17.0	2.0
搞	5.27	13.0	1.0
飞行	4.73	9.0	2.0
放弃	5.07	15.0	2.0
模式	5.2	20.0	2.0
坐	5.01	7.0	1.0
伟大	5.03	9.0	2.0
游客	4.71	21.0	2.0
达到	5.37	14.0	2.0
实践	4.89	20.0	2.0
文章	5.23	15.0	2.0
拍摄	4.87	21.0	2.0
下岗	4.01	10.0	2.0
淘汰	4.41	18.0	2.0
利益	5.13	17.0	2.0
报告	5.48	14.0	2.0
提高	5.27	22.0	2.0
负责人	4.71	16.0	3.0
搜寻	4.07	18.0	2.0
和平	5.15	13.0	2.0
共有	4.87	12.0	2.0
疾病	4.81	20.0	2.0
完全	5.56	13.0	2.0
服务	5.67	13.0	2.0
存在	5.48	12.0	2.0
推动	5.11	17.0	2.0
变成	5.24	14.0	2.0
胜利	5.04	16.0	2.0
淬火性	0.26	23.0	3.0
牛	4.84	4.0	1.0
信心	4.69	13.0	2.0
队员	4.43	11.0	2.0
领导	5.54	17.0	2.0
翳障	1.26	30.0	2.0
音乐	5.34	14.0	2.0
执行	5.3	12.0	2.0
文化	5.73	8.0	2.0
再见	4.47	10.0	2.0
市场	5.64	11.0	2.0
病人	4.58	12.0	2.0
迅速	4.96	16.0	2.0
事故	4.75	17.0	2.0
经	5.45	8.0	1.0
做	6.08	11.0	1.0
措施	4.98	20.0	2.0
东西	5.63	11.0	2.0
增强	4.8	27.0	2.0
管理	5.54	25.0	2.0
保持	5.17	18.0	2.0
家属	4.5	22.0	2.0
夺冠	4.06	15.0	2.0
确诊	3.96	19.0	2.0
叫	5.58	5.0	1.0
产业	5.23	11.0	2.0
师傅	4.32	18.0	2.0
价格	5.32	16.0	2.0
天气	4.81	8.0	2.0
感染	4.66	22.0	2.0
不能	5.94	14.0	2.0
注意	5.35	21.0	2.0
回家	5.06	16.0	2.0
产生	5.42	11.0	2.0
球迷	4.31	20.0	2.0
受伤	4.95	14.0	2.0
干部	5.01	13.0	2.0
恢复	5.04	18.0	2.0
银行	5.34	17.0	2.0
法院	5.0	17.0	2.0
攻击	5.17	12.0	2.0
良好	4.9	13.0	2.0
中央	5.29	9.0	2.0
睡	4.96	13.0	1.0
微软	4.64	21.0	2.0
做到	4.83	19.0	2.0
全球	5.43	17.0	2.0
新闻	5.58	22.0	2.0
严重	5.41	16.0	2.0
不错	5.12	17.0	2.0
肺炎	3.99	16.0	2.0
地区	5.89	10.0	2.0
资金	5.14	18.0	2.0
南京	4.99	17.0	2.0
米兰	4.16	11.0	2.0
石油	4.89	13.0	2.0
完成	5.52	13.0	2.0
航空公司	4.12	27.0	4.0
身份	5.01	13.0	2.0
组织	5.84	16.0	2.0
提醒	4.78	28.0	2.0
妈妈	5.24	12.0	2.0
汽车	5.24	11.0	2.0
停止	5.05	15.0	2.0
联合	5.2	18.0	2.0
思考	4.83	15.0	2.0
退休	4.67	15.0	2.0
经典	4.83	16.0	2.0
降低	4.92	15.0	2.0
方面	5.46	13.0	2.0
组成	5.26	14.0	2.0
机会	5.43	12.0	2.0
理解	5.18	24.0	2.0
属于	5.34	15.0	2.0
高	5.75	10.0	1.0
面积	5.23	19.0	2.0
沟	3.88	7.0	1.0
下车	4.09	7.0	2.0
办法	5.36	12.0	2.0
冠状动脉	1.44	31.0	4.0
声明	4.84	15.0	2.0
补贴	4.36	16.0	2.0
基地	5.05	17.0	2.0
政府	6.02	17.0	2.0
确定	5.3	20.0	2.0
记录	5.31	13.0	2.0
了解	5.44	15.0	2.0
道路	5.06	25.0	2.0
部长	5.13	14.0	2.0
行业	5.18	11.0	2.0
熟悉	4.7	26.0	2.0
联系	5.31	19.0	2.0
欧洲	5.37	17.0	2.0
唱	4.69	11.0	1.0
活动	5.86	15.0	2.0
挑战	4.98	18.0	2.0
朋友	5.62	12.0	2.0
换	5.03	10.0	1.0
展开	4.93	14.0	2.0
知道	5.97	20.0	2.0
增加	5.41	20.0	2.0
微信	4.85	22.0	2.0
落后	4.6	18.0	2.0
人们	5.65	7.0	2.0
时候	5.89	17.0	2.0
革命	5.36	17.0	2.0
非洲	4.93	17.0	2.0
破门	3.44	13.0	2.0
环状胰	1.6	25.0	3.0
回合	4.03	12.0	2.0
任务	5.45	11.0	2.0
科学	5.45	17.0	2.0
想	6.03	13.0	1.0
日子	4.89	7.0	2.0
出来	5.68	12.0	2.0
培养	4.91	20.0	2.0
历史	5.85	9.0	2.0
环境	5.52	22.0	2.0
隔离	4.34	22.0	2.0
照片	5.48	17.0	2.0
排名	4.71	17.0	2.0
国务院	5.11	22.0	3.0
让	6.26	5.0	1.0
巨大	5.01	7.0	2.0
政治	5.85	17.0	2.0
保障	4.97	22.0	2.0
生活	5.81	14.0	2.0
半决赛	3.8	25.0	3.0
受	5.49	8.0	1.0
点球	3.59	20.0	2.0
印度洋	3.86	23.0	3.0
重要	5.75	18.0	2.0
传统	5.43	15.0	2.0
起来	5.73	17.0	2.0
留下	4.94	13.0	2.0
效果	5.05	18.0	2.0
鼓励	4.99	20.0	2.0
开展	5.07	14.0	2.0
武汉	4.92	13.0	2.0
全国	5.76	14.0	2.0
学者	4.99	16.0	2.0
投资	5.42	17.0	2.0
收入	5.03	8.0	2.0
英超	3.95	20.0	2.0
应急	4.22	16.0	2.0
游戏	5.66	18.0	2.0
热沉降法	1.09	33.0	4.0
公开	5.28	8.0	2.0
推出	5.04	16.0	2.0
培训	4.94	16.0	2.0
经验	5.33	18.0	2.0
誊印	0.86	18.0	2.0
世界杯	4.58	22.0	3.0
系统	5.68	16.0	2.0
文明	4.98	12.0	2.0
旅游	5.26	22.0	2.0
基本	5.35	16.0	2.0
改革开放	3.77	28.0	4.0
现场	5.21	14.0	2.0
打车	3.49	9.0	2.0
包括	5.77	14.0	2.0
父母	5.07	9.0	2.0
医疗	5.12	14.0	2.0
回应	4.73	13.0	2.0
不同	5.71	10.0	2.0
需求	5.1	21.0	2.0
能力	5.44	12.0	2.0
篮球	4.54	27.0	2.0
人民	5.83	7.0	2.0
重症	3.44	19.0	2.0
海洋	4.73	19.0	2.0
准备	5.49	18.0	2.0
简单	5.29	21.0	2.0
紧张	4.94	17.0	2.0
疑似	4.03	20.0	2.0
安排	5.03	17.0	2.0
上车	4.19	7.0	2.0
预测	4.86	19.0	2.0
向壁虚造	0.49	43.0	4.0
男子	5.01	10.0	2.0
拿	5.42	10.0	1.0
方式	5.62	10.0	2.0
相比	4.69	13.0	2.0
职工	4.65	14.0	2.0
早	5.16	6.0	1.0
经济	5.87	17.0	2.0
举办	5.12	13.0	2.0
大家	5.6	13.0	2.0
事情	5.48	19.0	2.0
建立	5.56	13.0	2.0
超过	5.43	18.0	2.0
胡诌	0.95	16.0	2.0
寻找	5.05	13.0	2.0
形式	5.17	13.0	2.0
召开	5.08	9.0	2.0
下降	4.8	11.0	2.0
会见	4.51	10.0	2.0
搜救	3.71	23.0	2.0
哭	4.84	10.0	1.0
造成	5.41	16.0	2.0
亚洲	5.22	15.0	2.0
分析	5.42	12.0	2.0
检测	4.61	20.0	2.0
例	4.63	8.0	1.0
有	6.83	6.0	1.0
状况	5.1	14.0	2.0
获得	5.63	21.0	2.0
残骸	3.69	24.0	2.0
城市	5.64	14.0	2.0
机长	3.81	10.0	2.0
频道	4.86	25.0	2.0
失踪	4.6	20.0	2.0
热	4.99	10.0	1.0
导致	5.35	16.0	2.0
访问	4.98	12.0	2.0
开放	5.25	12.0	2.0
结构	5.29	17.0	2.0
钼铅矿	0.95	28.0	3.0
反映	4.93	13.0	2.0
出院	3.78	14.0	2.0
认真	5.01	14.0	2.0
大学	5.62	11.0	2.0
讲	5.36	6.0	1.0
患者	4.73	19.0	2.0
记得	5.07	16.0	2.0
透露	4.57	31.0	2.0
人生	4.98	7.0	2.0
脚步	4.2	18.0	2.0
根本	5.39	15.0	2.0
金融	5.13	24.0	2.0
维护	5.06	18.0	2.0
精神	5.25	23.0	2.0
中国队	3.87	16.0	3.0
防护	4.16	13.0	2.0
增长	5.33	19.0	2.0
确认	4.86	16.0	2.0
不明	4.41	12.0	2.0
愿意	5.18	27.0	2.0
影响	5.74	24.0	2.0
处理	5.44	16.0	2.0
人数	5.11	15.0	2.0
公布	5.14	9.0	2.0
播出	4.51	20.0	2.0
发生	5.83	10.0	2.0
保护	5.51	16.0	2.0
同学	4.92	14.0	2.0
介绍	5.27	12.0	2.0
食物	4.94	17.0	2.0
祭红	3.25	17.0	2.0
出门	4.49	8.0	2.0
航空	4.79	18.0	2.0
嫁	4.31	13.0	1.0
国际	5.89	15.0	2.0
负责	5.4	14.0	2.0
实现	5.39	16.0	2.0
生命	5.23	13.0	2.0
花	5.16	7.0	1.0
接近	4.85	18.0	2.0
参与	5.45	11.0	2.0
限制	5.14	16.0	2.0
参加	5.57	13.0	2.0
接触	4.89	24.0	2.0
创作	5.08	13.0	2.0
控制	5.39	19.0	2.0
总理	5.14	20.0	2.0
请	5.77	10.0	1.0
方向	5.13	10.0	2.0
成果	4.8	14.0	2.0
百度	4.84	15.0	2.0
客场	3.87	15.0	2.0
市场经济	3.8	28.0	4.0
表示	5.62	13.0	2.0
预后	3.05	16.0	2.0
普通	5.03	22.0	2.0
检查	5.1	20.0	2.0
中心	5.65	8.0	2.0
离化率	2.45	25.0	3.0
工作人员	4.53	19.0	4.0
继续	5.64	21.0	2.0
小雨	3.62	11.0	2.0
集团	5.46	18.0	2.0
改革	5.31	16.0	2.0
市民	4.77	10.0	2.0
肯定	5.22	16.0	2.0
采访	4.84	14.0	2.0
骂	4.79	9.0	1.0
转发	4.16	13.0	2.0
广大	4.84	6.0	2.0
感觉	5.44	22.0	2.0
先进	5.05	13.0	2.0
位置	5.04	20.0	2.0
是	7.17	9.0	1.0
行动	5.41	12.0	2.0
上皮	3.01	8.0	2.0
地图	4.84	14.0	2.0
比赛	5.37	18.0	2.0
专业	5.45	9.0	2.0
仁	3.97	4.0	1.0
时	6.18	7.0	1.0
方案	5.15	14.0	2.0
改变	5.47	15.0	2.0
预计	4.78	14.0	2.0
世纪	5.41	11.0	2.0
估计	4.95	11.0	2.0
等待	4.83	21.0	2.0
实行	5.18	14.0	2.0
深入	4.79	13.0	2.0
支持	5.65	13.0	2.0
家人	4.93	12.0	2.0
世界	5.96	14.0	2.0
机场	5.17	12.0	2.0
冠军	4.87	15.0	2.0
时代	5.44	12.0	2.0
进球	4.23	18.0	2.0
防守	4.13	12.0	2.0
态度	5.1	17.0	2.0
工业	5.4	8.0	2.0
成	5.61	6.0	1.0
农村	5.15	13.0	2.0
高富帅	1.96	27.0	3.0
最高	5.3	22.0	2.0
决定	5.76	14.0	2.0
家乡	4.4	13.0	2.0
葛根素	1.69	32.0	3.0
胜	4.46	9.0	1.0
多云	3.97	10.0	2.0
选手	4.73	13.0	2.0
成绩	5.05	17.0	2.0
吃饭	4.72	13.0	2.0
建议	5.32	13.0	2.0
扼腕	1.53	19.0	2.0
实力	4.84	10.0	2.0
运动	5.6	13.0	2.0
伊利	3.54	13.0	2.0
避免	5.02	23.0	2.0
发现	5.77	13.0	2.0
过程	5.5	18.0	2.0
电话	5.44	13.0	2.0
心理	4.89	15.0	2.0
观众	4.93	12.0	2.0
时间	5.93	14.0	2.0
质量	5.11	20.0	2.0
安全	5.61	12.0	2.0
指出	5.32	14.0	2.0
优秀	4.98	13.0	2.0
发布会	4.45	16.0	3.0
优势	4.97	14.0	2.0
生产	5.56	11.0	2.0
决赛	4.52	20.0	2.0
粮食	4.93	22.0	2.0
协会	5.1	12.0	2.0
开发	5.36	9.0	2.0
伤	4.69	6.0	1.0
公司	6.02	9.0	2.0
写	5.61	5.0	1.0
调查	5.42	19.0	2.0
人口	5.54	5.0	2.0
带来	5.19	16.0	2.0
儿童	5.11	14.0	2.0
喜欢	5.73	18.0	2.0
重点	5.25	18.0	2.0
价值	5.35	16.0	2.0
作为	5.72	11.0	2.0
症状	4.45	17.0	2.0
黄河	4.21	19.0	2.0
有关	5.56	12.0	2.0
浆膜层	1.34	31.0	3.0
离开	5.35	14.0	2.0
形成	5.34	13.0	2.0
焦点	4.57	21.0	2.0
爱情	4.89	21.0	2.0
失望	4.69	16.0	2.0
学习	5.48	11.0	2.0
抗击	3.68	12.0	2.0
推广	4.94	14.0	2.0
精彩	4.57	25.0	2.0
成员	5.36	13.0	2.0
警方	4.98	23.0	2.0
忘	4.83	7.0	1.0
吃	5.65	6.0	1.0
拥有	5.44	14.0	2.0
开始	6.03	12.0	2.0
司机	4.78	11.0	2.0
小伙子	4.07	12.0	3.0
走	5.66	7.0	1.0
选择	5.55	17.0	2.0
欧元	4.47	12.0	2.0
酒店	4.88	18.0	2.0
水质	3.97	12.0	2.0
联赛	4.42	26.0	2.0
作品	5.4	16.0	2.0
创造	5.14	16.0	2.0
群众	5.38	19.0	2.0
经历	5.17	12.0	2.0
平台	5.19	10.0	2.0
女子	5.0	6.0	2.0
区域	5.29	15.0	2.0
作者	5.12	15.0	2.0
发挥	4.95	14.0	2.0
认为	5.93	8.0	2.0
谈	5.18	10.0	1.0
期待	4.8	21.0	2.0
形势	4.7	15.0	2.0
大量	5.25	15.0	2.0
人类	5.42	11.0	2.0
对阵	3.87	11.0	2.0
主席	5.36	15.0	2.0
相信	5.4	18.0	2.0
社会	5.99	13.0	2.0
力量	5.26	14.0	2.0
坚持	5.27	16.0	2.0
全部	5.28	16.0	2.0
欢迎	5.17	13.0	2.0
运行	4.94	13.0	2.0
球场	4.13	17.0	2.0
儿子	5.28	5.0	2.0
启动	4.79	13.0	2.0
利用	5.37	12.0	2.0
逼	5.08	12.0	1.0
搜索	4.73	22.0	2.0
老人	4.71	8.0	2.0
计划	5.94	10.0	2.0
拒绝	5.09	16.0	2.0
素质	4.68	18.0	2.0
系	5.21	7.0	1.0
引起	5.21	14.0	2.0
采用	5.29	13.0	2.0
麾下	3.37	18.0	2.0
队伍	4.97	10.0	2.0
峥嵘	0.96	21.0	2.0
内容	5.63	14.0	2.0
水平	5.1	9.0	2.0
建设	5.58	14.0	2.0
航班	4.36	20.0	2.0
提供	5.72	20.0	2.0
安装	4.75	18.0	2.0
伦敦	4.78	18.0	2.0
孩子	5.61	12.0	2.0
搐搦	0.54	26.0	2.0
人民日报	4.11	18.0	4.0
信号	4.85	14.0	2.0
理论	5.29	17.0	2.0
地点	4.84	15.0	2.0
线索	4.27	18.0	2.0
下岗职工	2.92	24.0	4.0
报道	5.17	19.0	2.0
病例	4.27	18.0	2.0
俯仰随人	0.0	29.0	4.0
意识	5.12	20.0	2.0
新增	4.34	28.0	2.0
看看	5.25	18.0	2.0
集中	4.94	16.0	2.0
现象	5.21	19.0	2.0
强调	5.2	22.0	2.0
数据	5.34	24.0	2.0
连续	4.99	18.0	2.0
坠毁	3.96	20.0	2.0
住	5.39	7.0	1.0
证实	4.72	15.0	2.0
污染	4.81	15.0	2.0
资料	5.62	20.0	2.0
抢	4.8	7.0	1.0
赴	4.62	9.0	1.0
宣布	5.28	14.0	2.0
晦暝	1.41	25.0	2.0
实在	5.07	14.0	2.0
球队	4.64	15.0	2.0
特色	5.01	16.0	2.0
应用	5.24	12.0	2.0
教育	5.63	19.0	2.0
领域	5.24	22.0	2.0
投入	4.97	9.0	2.0
丰富	5.04	16.0	2.0
听到	5.02	15.0	2.0
战略	5.11	20.0	2.0
社区	5.28	11.0	2.0
战胜	4.4	18.0	2.0
法律	5.5	17.0	2.0
曼联	3.85	23.0	2.0
传奇	4.46	14.0	2.0
委员会	5.55	21.0	3.0
进入	5.54	9.0	2.0
新	6.09	13.0	1.0
告诉	5.42	14.0	2.0
意义	5.23	16.0	2.0
主场	4.25	11.0	2.0
买	5.58	6.0	1.0
帮助	5.41	16.0	2.0
结束	5.39	16.0	2.0
社会主义	4.94	21.0	4.0
做出	4.86	16.0	2.0
知识	5.18	15.0	2.0
要求	5.72	16.0	2.0
抓	5.18	7.0	1.0
进行	5.97	13.0	2.0
先生	5.29	11.0	2.0
问题	6.19	21.0	2.0
纪录片	4.31	18.0	3.0
小组	4.87	11.0	2.0
出轨	3.87	11.0	2.0
声音	5.24	16.0	2.0
国家	6.25	18.0	2.0
推进	4.98	18.0	2.0
发布	5.34	10.0	2.0
客机	4.11	15.0	2.0
喝	5.0	12.0	1.0
故事	5.46	17.0	2.0
持续	5.25	20.0	2.0
妊娠	3.63	17.0	2.0
面临	5.03	18.0	2.0
特殊	4.99	20.0	2.0
著名	5.01	17.0	2.0
业务	5.1	10.0	2.0
供水	3.91	12.0	2.0
打	5.6	5.0	1.0
可能	6.01	15.0	2.0
放	5.21	8.0	1.0
回来	5.23	13.0	2.0
失去	5.17	10.0	2.0
事件	5.5	14.0	2.0
无法	5.54	12.0	2.0
没有	6.38	13.0	2.0
取得	5.26	19.0	2.0
乘客	4.59	19.0	2.0
应该	5.85	15.0	2.0
是否	5.45	16.0	2.0
合作	5.46	13.0	2.0
小区	4.41	7.0	2.0
进程	4.62	19.0	2.0
资本	5.11	15.0	2.0
小	5.89	3.0	1.0
报	5.23	7.0	1.0
来自	5.38	13.0	2.0
民族	5.26	16.0	2.0
容易	5.25	18.0	2.0
日元	3.87	8.0	2.0
肽酶	2.08	22.0	2.0
含量	4.29	19.0	2.0
手机	5.42	10.0	2.0
部分	5.6	14.0	2.0
职业	5.2	16.0	2.0
认识	5.46	11.0	2.0
宣传	5.19	15.0	2.0
治疗	5.09	15.0	2.0
钱	5.72	10.0	1.0
相关	5.56	15.0	2.0
基础	5.4	21.0	2.0
联合国	5.0	26.0	3.0
结果	5.67	17.0	2.0
重视	4.98	17.0	2.0
代表	5.65	13.0	2.0
农民	5.17	11.0	2.0
凤凰	4.33	15.0	2.0
能够	5.54	21.0	2.0
视频	5.5	21.0	2.0
加入	5.34	7.0	2.0
直接	5.49	19.0	2.0
教授	5.11	22.0	2.0
免费	5.24	16.0	2.0
政策	5.47	21.0	2.0
程度	5.11	21.0	2.0
产品	5.56	15.0	2.0
训练	5.12	13.0	2.0
主题	5.08	20.0	2.0
即	5.56	7.0	1.0
西安	4.6	12.0	2.0
差	4.94	9.0	1.0
项目	5.47	14.0	2.0
剖肝沥胆	0.0	33.0	4.0
情况	5.84	18.0	2.0
电视	5.25	13.0	2.0
远	5.12	7.0	1.0
解决	5.44	19.0	2.0
家庭	5.4	19.0	2.0
医护人员	3.46	23.0	4.0
制作	5.13	15.0	2.0
学校	5.62	18.0	2.0
最好	5.17	18.0	2.0
团队	5.03	10.0	2.0
使用	5.87	13.0	2.0
积极	5.16	17.0	2.0
珍惜	4.04	20.0	2.0
重新	5.21	22.0	2.0
竞技	4.01	17.0	2.0
呼吁	4.73	14.0	2.0
凄惘	0.45	21.0	2.0
关心	5.06	10.0	2.0
雷霆	3.54	27.0	2.0
稳定	5.21	22.0	2.0
成立	5.45	11.0	2.0
纪录	4.72	14.0	2.0
助攻	3.66	14.0	2.0
问	5.63	6.0	1.0
原因	5.45	16.0	2.0
治愈	4.08	21.0	2.0
像	5.7	13.0	1.0
遇到	4.96	20.0	2.0
思想	5.16	22.0	2.0
刈除	1.98	13.0	2.0
紧急	4.74	19.0	2.0
路	5.43	13.0	1.0
减少	5.17	15.0	2.0
范围	5.27	15.0	2.0
组图	3.74	16.0	2.0
全	5.31	6.0	1.0
风险	5.05	13.0	2.0
保证	5.25	16.0	2.0
歌曲	4.68	20.0	2.0
作出	4.86	12.0	2.0
送	5.35	9.0	1.0
现实	5.09	16.0	2.0
医生	5.06	12.0	2.0
回到	5.11	14.0	2.0
调整	5.1	26.0	2.0
升级	4.9	10.0	2.0
要	6.46	9.0	1.0
国	5.66	8.0	1.0
进	5.49	7.0	1.0
不会	5.84	10.0	2.0
口罩	3.99	16.0	2.0
困难	5.1	17.0	2.0
使	5.7	8.0	1.0
发出	5.02	10.0	2.0
制造	5.12	18.0	2.0
隙罅	1.29	29.0	2.0
实际	5.25	15.0	2.0
疫情	4.47	20.0	2.0
表明	4.76	16.0	2.0
协议	5.14	11.0	2.0
饿	4.58	10.0	1.0
快	5.79	7.0	1.0
发展	6.03	15.0	2.0
推荐	5.02	20.0	2.0
企业	5.75	11.0	2.0
味道	4.62	20.0	2.0
工地	3.95	9.0	2.0
贡献	4.98	20.0	2.0
穹隆	1.48	19.0	2.0
攻破	3.64	17.0	2.0
争夺	4.27	12.0	2.0
火箭	4.52	19.0	2.0
救治	3.63	19.0	2.0
值得	5.04	21.0	2.0
新冠	3.39	22.0	2.0
院士	4.16	12.0	2.0
转	5.18	8.0	1.0
现代化	4.79	17.0	3.0
季后赛	3.84	28.0	3.0
科技	5.47	16.0	2.0
受到	5.4	16.0	2.0
居民	5.22	13.0	2.0
艺术	5.44	9.0	2.0
出现	5.76	13.0	2.0
质粒	2.74	19.0	2.0
事	5.79	8.0	1.0
事业	5.08	13.0	2.0
成为	5.93	10.0	2.0
实施	5.26	17.0	2.0
死亡	5.2	9.0	2.0
条件	5.32	13.0	2.0
消息	5.25	20.0	2.0
重大	5.07	12.0	2.0
挑战赛	3.41	32.0	3.0
母亲	5.31	14.0	2.0
黑客	3.96	21.0	2.0
正式	5.26	11.0	2.0
关注	5.29	14.0	2.0
近	5.2	7.0	1.0
对手	4.66	9.0	2.0
提前	4.63	21.0	2.0
拍	5.21	8.0	1.0
作用	5.23	12.0	2.0
官员	5.21	15.0	2.0
开播	3.61	19.0	2.0
设计	5.49	10.0	2.0
剩下	4.73	15.0	2.0
希望	5.72	18.0	2.0
支付	4.93	9.0	2.0
广泛	5.06	10.0	2.0
感谢	5.06	25.0	2.0
掌握	4.8	24.0	2.0
领先	4.49	17.0	2.0
抵达	4.61	14.0	2.0
危机	5.05	12.0	2.0
贷款	4.85	21.0	2.0
小时	5.45	10.0	2.0
袭击	4.75	16.0	2.0
扩大	5.02	9.0	2.0
研究	5.69	16.0	2.0
感动	4.48	19.0	2.0
得到	5.56	19.0	2.0
协调	4.77	16.0	2.0
责任	5.18	14.0	2.0
总统	5.48	18.0	2.0
压力	5.13	8.0	2.0
担心	5.16	12.0	2.0
经营	5.16	19.0	2.0
欧冠	3.76	17.0	2.0
强直性	2.49	28.0	3.0
专家	5.32	14.0	2.0
状态	5.17	15.0	2.0
干	5.52	3.0	1.0
目的	5.21	13.0	2.0
规定	5.45	16.0	2.0
靠	5.23	15.0	1.0
站	5.62	10.0	1.0
时期	5.47	19.0	2.0
取消	5.05	18.0	2.0
歌手	4.65	18.0	2.0
电影	5.71	20.0	2.0
农业	5.26	11.0	2.0
老饕	1.9	28.0	2.0
资源	5.46	23.0	2.0
接受	5.47	19.0	2.0
出租车	4.27	19.0	3.0
统一	5.22	10.0	2.0
书记	5.01	9.0	2.0
部	5.16	10.0	1.0
说	6.55	9.0	1.0
增殖	3.55	27.0	2.0
面对	5.09	14.0	2.0
专门	5.0	7.0	2.0
交流	5.12	16.0	2.0
超标	3.64	21.0	2.0
超	4.94	12.0	1.0
低	5.21	7.0	1.0
赞	4.53	16.0	1.0
蠹蛾	1.75	37.0	2.0
已有	4.6	9.0	2.0
需要	5.93	23.0	2.0
采取	5.16	16.0	2.0
金融危机	3.52	36.0	4.0
地方	5.82	10.0	2.0
关系	5.69	13.0	2.0
体育	5.15	15.0	2.0
设备	5.24	14.0	2.0
截至	4.55	20.0	2.0
看着	4.98	20.0	2.0
标准	5.32	19.0	2.0
具体	5.07	15.0	2.0
鱼	4.81	8.0	1.0
发表	5.28	13.0	2.0
方法	5.47	12.0	2.0
救援	4.38	23.0	2.0
海军	4.75	16.0	2.0
竞争	4.94	16.0	2.0
学生	5.72	13.0	2.0
软件	5.08	14.0	2.0
宇宙	4.67	14.0	2.0
桡骨	1.73	19.0	2.0
防控	3.46	17.0	2.0
口底区	2.35	15.0	3.0
领导人	4.9	19.0	3.0
会议	5.56	11.0	2.0
跑	5.23	12.0	1.0
网	5.46	6.0	1.0
明显	5.21	17.0	2.0
少	5.22	4.0	1.0
加强	5.2	17.0	2.0
关键	5.02	19.0	2.0
全面	5.1	15.0	2.0
工程	5.29	15.0	2.0
腾讯	4.49	18.0	2.0
扩散	4.37	18.0	2.0
考虑	5.25	16.0	2.0
深井式	1.9	21.0	3.0
全动式	2.75	18.0	3.0
晋级	4.07	16.0	2.0
秽语症	0.97	30.0	3.0
同志	5.12	13.0	2.0
只能	5.16	15.0	2.0
飞机	5.18	9.0	2.0
有效	5.11	16.0	2.0
变化	5.33	12.0	2.0
累计	4.5	15.0	2.0
强	5.19	12.0	1.0
机制	4.94	14.0	2.0
机构	5.5	14.0	2.0
促进	5.06	16.0	2.0
单位	5.56	15.0	2.0
应	5.54	7.0	1.0
技术	5.72	12.0	2.0
监督	5.09	23.0	2.0
节目	5.19	10.0	2.0
看到	5.66	17.0	2.0
海域	4.26	21.0	2.0
部门	5.32	13.0	2.0
脉冲	3.74	15.0	2.0
记者	5.54	13.0	2.0
退役	3.95	16.0	2.0
医院	5.32	16.0	2.0
好	6.24	6.0	1.0
暌离	0.99	23.0	2.0
直播	4.9	23.0	2.0
有限公司	5.05	23.0	4.0
市	5.47	5.0	1.0
速度	5.09	19.0	2.0
病毒	4.82	19.0	2.0
就业	4.9	17.0	2.0
地位	5.05	13.0	2.0
官方	5.33	12.0	2.0
制度	5.37	17.0	2.0
结合	5.22	15.0	2.0
省	5.46	9.0	1.0
愿	4.78	14.0	1.0
人员	5.48	9.0	2.0
会	6.48	6.0	1.0
月份	4.59	10.0	2.0
综合	5.29	17.0	2.0
意见	5.3	17.0	2.0
占	5.4	5.0	1.0
传播	4.99	21.0	2.0
感到	5.18	21.0	2.0
称	5.51	10.0	1.0
美食	4.5	18.0	2.0
帮	5.17	9.0	1.0
提出	5.51	17.0	2.0
找到	5.27	15.0	2.0
出口	4.97	8.0	2.0
梦	5.01	11.0	1.0
发	5.52	5.0	1.0
没	6.07	7.0	1.0
队	5.22	4.0	1.0
看	6.16	9.0	1.0
军事	5.19	14.0	2.0
地面	4.62	15.0	2.0
出席	4.87	15.0	2.0
飞刀	3.04	5.0	2.0
起飞	4.32	13.0	2.0
信道	3.22	21.0	2.0
布施	3.17	14.0	2.0
官军	3.83	14.0	2.0
操作	4.91	23.0	2.0
选举	5.38	18.0	2.0
指挥	4.82	18.0	2.0
松果	3.19	16.0	2.0
绿色	4.83	17.0	2.0
香槟	3.67	23.0	2.0
大会	5.09	9.0	2.0
一般	5.52	11.0	2.0
原名	3.82	16.0	2.0
锯齿	3.21	21.0	2.0
生长	4.7	9.0	2.0
服务器	4.41	29.0	3.0
缘起	3.29	22.0	2.0
无理	3.71	15.0	2.0
圣母	4.03	10.0	2.0
宏大	3.65	10.0	2.0
怀念	4.18	15.0	2.0
媒体	5.38	19.0	2.0
公民	5.18	9.0	2.0
警备	3.57	27.0	2.0
接壤	3.6	31.0	2.0
影片	5.05	19.0	2.0
历代	4.03	9.0	2.0
饲养	4.2	17.0	2.0
广场	5.09	9.0	2.0
人类学家	3.09	29.0	4.0
创始	3.94	14.0	2.0
分布	5.01	9.0	2.0
物种	4.18	17.0	2.0
通报	4.47	17.0	2.0
数学	4.79	21.0	2.0
公安	4.46	10.0	2.0
工艺	4.58	7.0	2.0
故障	4.29	22.0	2.0
经纬	3.1	15.0	2.0
戏剧	4.6	16.0	2.0
孢子	3.31	11.0	2.0
陨坑	1.99	16.0	2.0
钼钙矿	0.94	27.0	3.0
滥用	4.28	18.0	2.0
结业	3.32	14.0	2.0
逮捕	4.71	21.0	2.0
经纪	4.11	14.0	2.0
科学研究	3.79	33.0	4.0
人物	5.3	10.0	2.0
分隔	3.6	16.0	2.0
继承	4.65	18.0	2.0
作战	4.76	16.0	2.0
允许	5.11	10.0	2.0
旧址	4.02	12.0	2.0
名字	5.22	12.0	2.0
岩浆	3.48	18.0	2.0
部落	4.65	22.0	2.0
兴趣	5.0	21.0	2.0
流域	4.34	21.0	2.0
记载	4.69	15.0	2.0
规划	5.09	14.0	2.0
可言	3.78	12.0	2.0
日记	4.49	9.0	2.0
派遣	4.35	22.0	2.0
防水	3.89	10.0	2.0
保密局	3.08	27.0	3.0
男童	3.55	19.0	2.0
有限	4.72	14.0	2.0
铁路	5.08	23.0	2.0
竣工	3.95	15.0	2.0
坍塌	3.51	20.0	2.0
衍生	4.05	14.0	2.0
开工	4.27	7.0	2.0
微分	3.22	17.0	2.0
射马	3.64	13.0	2.0
蛇绿岩	1.8	30.0	3.0
聚集	4.45	26.0	2.0
便利店	3.56	24.0	3.0
签约	4.23	19.0	2.0
顺路	3.12	22.0	2.0
传教士	3.84	20.0	3.0
行医	3.25	13.0	2.0
交界	3.6	15.0	2.0
高官	3.78	18.0	2.0
起草	4.06	19.0	2.0
木材	4.15	11.0	2.0
前进	4.76	16.0	2.0
销售量	3.55	35.0	3.0
光明	4.35	14.0	2.0
文化遗产	3.89	26.0	4.0
花园	4.49	14.0	2.0
铜鼓	2.72	24.0	2.0
独立	5.43	14.0	2.0
电视剧	4.63	23.0	3.0
描述	4.91	19.0	2.0
高考	4.32	16.0	2.0
照护	3.25	20.0	2.0
引水员	2.25	15.0	3.0
情形	4.65	18.0	2.0
股份	4.84	14.0	2.0
提议	4.54	17.0	2.0
人口普查	4.0	26.0	4.0
总台	4.17	14.0	2.0
挟持	3.45	18.0	2.0
专区	4.2	8.0	2.0
担任	5.05	14.0	2.0
人工	4.62	5.0	2.0
签署	4.77	26.0	2.0
东线	3.12	13.0	2.0
开馆	3.09	15.0	2.0
华人	4.64	8.0	2.0
委员	5.12	15.0	2.0
引进	4.6	11.0	2.0
批准	4.92	17.0	2.0
接驳	3.01	18.0	2.0
刊登	4.23	17.0	2.0
办公厅	3.76	12.0	3.0
群岛	4.38	20.0	2.0
品牌	4.87	21.0	2.0
